epoch,accuracy,learning_rate,loss,top_3_accuracy,val_accuracy,val_loss,val_top_3_accuracy
0,0.7171529531478882,0.0010000000474974513,0.9028866291046143,0.9043622612953186,0.8873473405838013,0.35348397493362427,0.9802026748657227
